SKU,Style,Category,Color,Size,MSRP,Unit_Cost,Target_GM_Pct,Launch_Week_Index,End_Week_Index
SKU00001,STY0031,Graphic Tees,Gray,XL,19.01,8.09,0.574,21,80
SKU00002,STY0005,Seasonal Capsule,White,S,51.81,26.64,0.486,82,98
SKU00003,STY0162,Accessories,Red,S,14.69,5.87,0.6,2,36
SKU00004,STY0010,Outerwear,Gray,L,82.12,45.64,0.444,27,52
SKU00005,STY0089,Women's Denim,Red,L,48.26,24.53,0.492,28,83
SKU00006,STY0130,Women's Denim,Black,L,46.01,19.71,0.572,32,91
SKU00007,STY0126,Men's Denim,Gray,XS,69.58,30.98,0.555,70,96
SKU00008,STY0011,Loungewear,Tan,XL,58.66,27.32,0.534,12,43
SKU00009,STY0178,Outerwear,White,S,111.73,56.08,0.498,63,86
SKU00010,STY0159,Activewear,Black,S,46.79,19.29,0.588,13,65
SKU00011,STY0056,Men's Denim,Tan,XL,59.64,31.59,0.47,27,80
SKU00012,STY0083,Seasonal Capsule,Tan,XXL,78.03,35.84,0.541,25,37
SKU00013,STY0137,Loungewear,Tan,XL,52.87,21.2,0.599,61,88
SKU00014,STY0099,Women's Denim,Red,XL,50.06,22.01,0.56,6,66
SKU00015,STY0149,Women's Denim,Pink,L,61.26,27.04,0.559,66,99
SKU00016,STY0073,Women's Denim,Black,L,64.6,29.45,0.544,24,67
SKU00017,STY0156,Aerie Intimates,Navy,XS,24.83,11.24,0.547,30,80
SKU00018,STY0190,Tops & Blouses,Black,M,25.16,11.6,0.539,33,81
SKU00019,STY0115,Graphic Tees,Pink,M,17.03,6.2,0.636,58,98
SKU00020,STY0007,Aerie Intimates,Black,S,27.23,11.26,0.586,17,61
SKU00021,STY0080,Outerwear,Blue,L,118.85,61.46,0.483,35,72
SKU00022,STY0144,Women's Denim,Navy,M,40.88,19.78,0.516,2,58
SKU00023,STY0097,Aerie Intimates,Pink,XS,21.25,7.87,0.63,73,101
SKU00024,STY0004,Graphic Tees,Red,S,24.09,10.82,0.551,3,48
SKU00025,STY0004,Tops & Blouses,Green,L,40.77,17.99,0.559,15,75
SKU00026,STY0103,Accessories,Pink,XS,16.33,5.44,0.667,17,53
SKU00027,STY0040,Women's Denim,White,XL,62.93,30.76,0.511,6,41
SKU00028,STY0017,Tops & Blouses,Pink,M,40.07,17.87,0.554,34,83
SKU00029,STY0101,Outerwear,Blue,M,91.24,47.08,0.484,8,66
SKU00030,STY0103,Men's Denim,Green,L,53.82,25.36,0.529,25,61
SKU00031,STY0124,Outerwear,Blue,XL,89.45,42.28,0.527,23,83
SKU00032,STY0052,Women's Denim,Green,M,43.77,21.04,0.519,42,67
SKU00033,STY0052,Men's Denim,White,L,70.93,36.45,0.486,63,92
SKU00034,STY0164,Seasonal Capsule,Red,L,69.09,35.43,0.487,19,36
SKU00035,STY0124,Seasonal Capsule,Blue,S,91.04,41.99,0.539,53,67
SKU00036,STY0166,Loungewear,Blue,XL,41.58,16.2,0.61,9,61
SKU00037,STY0178,Aerie Intimates,Tan,XL,15.2,6.34,0.583,14,61
SKU00038,STY0063,Men's Denim,Green,L,67.9,31.22,0.54,41,77
SKU00039,STY0116,Activewear,Gray,XL,27.12,13.3,0.51,2,32
SKU00040,STY0191,Tops & Blouses,Green,XL,39.98,17.96,0.551,62,100
SKU00041,STY0062,Women's Denim,Tan,L,63.79,26.38,0.586,11,68
SKU00042,STY0007,Tops & Blouses,Black,XL,49.81,23.69,0.524,5,48
SKU00043,STY0155,Men's Denim,Green,L,57.52,26.0,0.548,9,64
SKU00044,STY0092,Seasonal Capsule,Red,L,93.62,48.39,0.483,88,97
SKU00045,STY0014,Aerie Intimates,Tan,L,34.07,12.69,0.628,47,92
SKU00046,STY0199,Activewear,Black,L,28.65,14.07,0.509,19,56
SKU00047,STY0086,Aerie Intimates,Navy,S,32.8,13.59,0.586,51,94
SKU00048,STY0133,Tops & Blouses,Tan,XL,33.31,15.62,0.531,55,81
SKU00049,STY0183,Outerwear,Navy,XL,95.82,46.03,0.52,12,56
SKU00050,STY0130,Women's Denim,Blue,XS,54.58,25.94,0.525,34,58
SKU00051,STY0062,Seasonal Capsule,Tan,XL,63.05,34.58,0.452,87,103
SKU00052,STY0149,Accessories,White,S,22.16,9.29,0.581,17,57
SKU00053,STY0079,Seasonal Capsule,Navy,M,32.73,16.71,0.489,8,27
SKU00054,STY0149,Loungewear,Red,L,29.5,12.6,0.573,45,96
SKU00055,STY0138,Outerwear,White,S,93.69,45.87,0.51,45,102
SKU00056,STY0058,Seasonal Capsule,Pink,XL,63.15,32.15,0.491,49,63
SKU00057,STY0120,Men's Denim,Pink,XL,50.18,22.68,0.548,60,102
SKU00058,STY0167,Women's Denim,Black,M,48.5,22.13,0.544,37,68
SKU00059,STY0133,Men's Denim,Blue,XS,58.49,29.94,0.488,51,94
SKU00060,STY0065,Aerie Intimates,Tan,M,32.55,13.91,0.573,64,99
SKU00061,STY0013,Graphic Tees,Gray,L,24.89,11.18,0.551,46,81
SKU00062,STY0181,Aerie Intimates,Red,XXL,18.25,7.46,0.591,12,53
SKU00063,STY0082,Loungewear,Navy,L,55.24,24.7,0.553,61,95
SKU00064,STY0173,Graphic Tees,White,S,18.21,7.87,0.568,5,55
SKU00065,STY0160,Aerie Intimates,Pink,L,14.98,6.5,0.566,30,75
SKU00066,STY0164,Outerwear,Red,L,77.98,37.11,0.524,18,60
SKU00067,STY0188,Women's Denim,Gray,XL,47.65,22.71,0.523,36,91
SKU00068,STY0139,Loungewear,Tan,S,34.71,13.61,0.608,40,90
SKU00069,STY0191,Men's Denim,Black,XL,72.49,31.69,0.563,41,78
SKU00070,STY0149,Seasonal Capsule,Gray,L,95.87,49.55,0.483,74,91
SKU00071,STY0052,Accessories,Red,XXL,20.81,8.1,0.611,14,46
SKU00072,STY0183,Women's Denim,Gray,M,59.03,29.59,0.499,3,53
SKU00073,STY0117,Men's Denim,Red,L,71.67,31.68,0.558,38,62
SKU00074,STY0026,Loungewear,Red,XXL,53.11,25.45,0.521,41,65
SKU00075,STY0196,Activewear,Green,S,43.94,18.87,0.571,55,78
SKU00076,STY0034,Accessories,Navy,XXL,27.27,9.12,0.666,49,92
SKU00077,STY0052,Accessories,Pink,L,16.43,6.19,0.623,57,103
SKU00078,STY0112,Men's Denim,Green,XS,51.97,24.36,0.531,36,76
SKU00079,STY0082,Graphic Tees,Tan,M,24.39,9.21,0.622,30,90
SKU00080,STY0180,Men's Denim,Green,L,63.34,32.29,0.49,67,92
SKU00081,STY0157,Loungewear,Blue,XS,54.25,25.59,0.528,40,85
SKU00082,STY0166,Activewear,Blue,L,64.98,26.07,0.599,33,91
SKU00083,STY0042,Aerie Intimates,Pink,M,25.47,10.73,0.579,37,87
SKU00084,STY0021,Men's Denim,Gray,L,69.32,30.12,0.565,65,88
SKU00085,STY0042,Aerie Intimates,Navy,XS,33.88,13.69,0.596,60,92
SKU00086,STY0141,Aerie Intimates,Pink,XL,22.53,8.35,0.629,27,80
SKU00087,STY0113,Accessories,Red,XXL,22.24,8.03,0.639,5,65
SKU00088,STY0105,Activewear,White,XXL,48.85,23.65,0.516,65,99
SKU00089,STY0192,Loungewear,Navy,L,24.16,9.59,0.603,30,57
SKU00090,STY0017,Tops & Blouses,Navy,S,20.78,9.15,0.56,45,78
SKU00091,STY0120,Men's Denim,Red,L,61.48,26.68,0.566,42,91
SKU00092,STY0137,Activewear,Red,XS,42.74,18.43,0.569,30,67
SKU00093,STY0169,Accessories,Black,XS,13.85,5.73,0.586,42,101
SKU00094,STY0129,Outerwear,Pink,M,86.19,44.59,0.483,68,96
SKU00095,STY0130,Accessories,Red,M,39.8,15.3,0.616,13,64
SKU00096,STY0060,Tops & Blouses,Blue,XL,38.16,15.46,0.595,45,84
SKU00097,STY0048,Tops & Blouses,Tan,L,49.07,22.93,0.533,37,64
SKU00098,STY0029,Graphic Tees,White,M,21.07,8.5,0.597,53,97
SKU00099,STY0097,Men's Denim,Pink,S,74.96,35.53,0.526,32,88
SKU00100,STY0010,Men's Denim,Blue,XXL,71.22,31.89,0.552,46,89
SKU00101,STY0058,Men's Denim,Gray,M,70.27,31.87,0.546,68,101
SKU00102,STY0188,Activewear,Red,M,40.58,18.59,0.542,35,81
SKU00103,STY0021,Aerie Intimates,Red,S,17.96,8.11,0.548,17,75
SKU00104,STY0028,Tops & Blouses,Navy,XL,41.99,17.64,0.58,57,101
SKU00105,STY0034,Seasonal Capsule,Blue,L,85.43,42.39,0.504,85,100
SKU00106,STY0008,Aerie Intimates,Navy,S,17.91,8.15,0.545,36,95
SKU00107,STY0187,Graphic Tees,Black,XS,28.37,10.31,0.637,53,102
SKU00108,STY0200,Accessories,Navy,L,27.92,10.2,0.635,21,55
SKU00109,STY0177,Women's Denim,Black,L,62.33,28.98,0.535,56,83
SKU00110,STY0079,Men's Denim,Black,S,58.22,30.14,0.482,17,51
SKU00111,STY0145,Aerie Intimates,Red,XXL,33.93,14.29,0.579,6,60
SKU00112,STY0188,Women's Denim,Gray,S,57.61,25.78,0.553,11,71
SKU00113,STY0087,Seasonal Capsule,Navy,M,44.18,23.25,0.474,75,94
SKU00114,STY0088,Loungewear,Blue,XXL,56.7,23.6,0.584,51,90
SKU00115,STY0173,Activewear,Black,M,65.2,29.05,0.554,51,101
SKU00116,STY0069,Loungewear,Red,L,44.03,19.34,0.561,35,64
SKU00117,STY0160,Loungewear,White,M,27.97,10.93,0.609,17,56
SKU00118,STY0172,Women's Denim,Pink,S,65.36,32.63,0.501,38,79
SKU00119,STY0193,Loungewear,Gray,XXL,30.19,11.57,0.617,16,69
SKU00120,STY0087,Tops & Blouses,Green,M,42.83,20.68,0.517,43,87
SKU00121,STY0101,Loungewear,White,XL,54.83,23.73,0.567,16,59
SKU00122,STY0008,Loungewear,Pink,S,52.74,21.8,0.587,30,87
SKU00123,STY0077,Aerie Intimates,White,S,34.1,12.65,0.629,50,91
SKU00124,STY0200,Men's Denim,Navy,XS,70.25,36.03,0.487,30,59
SKU00125,STY0087,Women's Denim,Black,L,40.38,19.54,0.516,37,84
SKU00126,STY0043,Graphic Tees,Gray,M,25.54,9.3,0.636,5,35
SKU00127,STY0129,Loungewear,Tan,XL,52.83,24.35,0.539,36,59
SKU00128,STY0109,Loungewear,Black,M,47.95,18.72,0.61,9,54
SKU00129,STY0179,Men's Denim,Tan,XXL,71.64,32.81,0.542,30,56
SKU00130,STY0152,Tops & Blouses,Pink,S,20.68,8.7,0.579,3,33
SKU00131,STY0152,Graphic Tees,Red,XL,23.7,9.66,0.592,34,88
SKU00132,STY0017,Women's Denim,Green,XL,40.13,16.86,0.58,16,76
SKU00133,STY0133,Men's Denim,Blue,XL,70.4,31.07,0.559,42,98
SKU00134,STY0148,Aerie Intimates,Black,XL,19.79,8.27,0.582,66,90
SKU00135,STY0021,Seasonal Capsule,Gray,XL,79.66,41.16,0.483,34,54
SKU00136,STY0058,Aerie Intimates,White,L,20.57,9.26,0.55,55,91
SKU00137,STY0159,Tops & Blouses,Gray,S,47.13,19.9,0.578,17,40
SKU00138,STY0110,Activewear,Pink,XS,53.77,26.77,0.502,19,62
SKU00139,STY0139,Graphic Tees,Tan,XXL,19.03,7.89,0.585,31,75
SKU00140,STY0180,Seasonal Capsule,White,L,92.16,46.11,0.5,10,28
SKU00141,STY0143,Seasonal Capsule,Blue,XL,87.45,44.2,0.495,32,44
SKU00142,STY0135,Aerie Intimates,Blue,M,25.48,10.61,0.584,15,61
SKU00143,STY0028,Tops & Blouses,Black,S,36.53,16.15,0.558,59,94
SKU00144,STY0051,Aerie Intimates,Pink,S,30.46,12.1,0.603,14,67
SKU00145,STY0186,Aerie Intimates,Red,L,32.59,14.74,0.548,49,82
SKU00146,STY0005,Men's Denim,Pink,M,59.48,25.58,0.57,26,77
SKU00147,STY0005,Outerwear,Tan,S,110.0,58.23,0.471,23,62
SKU00148,STY0094,Tops & Blouses,Gray,M,37.45,16.35,0.563,69,97
SKU00149,STY0096,Men's Denim,Blue,XS,78.16,34.26,0.562,11,61
SKU00150,STY0008,Aerie Intimates,Gray,L,31.48,12.06,0.617,27,58
SKU00151,STY0064,Seasonal Capsule,Gray,S,90.61,45.96,0.493,15,25
SKU00152,STY0138,Women's Denim,Gray,XL,68.24,30.86,0.548,56,84
SKU00153,STY0038,Women's Denim,Blue,M,68.87,28.85,0.581,26,71
SKU00154,STY0111,Tops & Blouses,Navy,M,36.89,17.82,0.517,56,103
SKU00155,STY0112,Seasonal Capsule,Tan,XS,77.26,35.84,0.536,21,34
SKU00156,STY0081,Aerie Intimates,Tan,XS,32.46,12.6,0.612,44,90
SKU00157,STY0136,Activewear,White,M,30.78,14.39,0.532,30,77
SKU00158,STY0104,Accessories,Pink,M,18.02,6.8,0.623,12,53
SKU00159,STY0153,Women's Denim,Pink,L,69.93,29.4,0.58,41,91
SKU00160,STY0073,Accessories,Green,M,24.23,8.26,0.659,13,49
SKU00161,STY0194,Graphic Tees,Pink,L,20.03,8.66,0.568,2,55
SKU00162,STY0178,Activewear,Blue,XL,34.49,16.06,0.534,54,87
SKU00163,STY0195,Activewear,Red,XL,64.56,27.22,0.578,45,90
SKU00164,STY0049,Tops & Blouses,Black,XS,21.03,9.03,0.571,7,37
SKU00165,STY0036,Men's Denim,Green,M,53.72,27.06,0.496,44,72
SKU00166,STY0126,Loungewear,Black,S,35.76,16.14,0.549,21,44
SKU00167,STY0068,Aerie Intimates,Tan,S,20.7,8.42,0.593,53,85
SKU00168,STY0078,Women's Denim,Black,XXL,47.98,23.68,0.506,37,72
SKU00169,STY0105,Men's Denim,Black,S,77.28,39.71,0.486,36,75
SKU00170,STY0169,Outerwear,Green,M,126.37,59.79,0.527,17,42
SKU00171,STY0122,Activewear,White,L,65.72,28.04,0.573,43,94
SKU00172,STY0119,Men's Denim,Gray,L,76.28,33.12,0.566,38,86
SKU00173,STY0190,Tops & Blouses,Pink,L,42.82,18.65,0.564,47,85
SKU00174,STY0114,Women's Denim,Pink,XS,46.54,19.69,0.577,27,61
SKU00175,STY0010,Activewear,Blue,M,50.84,20.72,0.592,41,93
SKU00176,STY0149,Women's Denim,Green,M,43.56,19.02,0.563,32,86
SKU00177,STY0164,Activewear,Blue,XS,38.15,18.21,0.523,57,86
SKU00178,STY0140,Graphic Tees,Red,M,19.27,6.75,0.65,13,71
SKU00179,STY0091,Seasonal Capsule,Red,XS,98.14,52.48,0.465,32,49
SKU00180,STY0002,Women's Denim,Blue,XS,66.91,32.67,0.512,56,103
SKU00181,STY0118,Graphic Tees,Green,M,20.74,8.08,0.61,67,93
SKU00182,STY0013,Men's Denim,Blue,S,71.25,37.32,0.476,28,84
SKU00183,STY0181,Seasonal Capsule,Pink,L,63.09,28.77,0.544,4,24
SKU00184,STY0160,Loungewear,Navy,L,58.26,27.63,0.526,56,83
SKU00185,STY0095,Aerie Intimates,Black,XL,34.78,14.76,0.576,32,69
SKU00186,STY0144,Activewear,Navy,S,28.35,12.38,0.563,44,92
SKU00187,STY0032,Loungewear,Green,S,44.74,21.01,0.53,10,57
SKU00188,STY0032,Outerwear,Navy,S,82.01,40.81,0.502,53,88
SKU00189,STY0124,Tops & Blouses,Red,L,35.77,17.19,0.519,28,81
SKU00190,STY0011,Aerie Intimates,Tan,L,27.81,12.54,0.549,24,84
SKU00191,STY0010,Men's Denim,Black,XS,71.7,34.69,0.516,41,94
SKU00192,STY0015,Loungewear,Gray,XXL,47.55,21.35,0.551,52,79
SKU00193,STY0017,Seasonal Capsule,Green,XS,46.07,20.94,0.545,50,59
SKU00194,STY0168,Activewear,Black,L,38.54,18.35,0.524,21,75
SKU00195,STY0146,Aerie Intimates,Navy,L,34.2,14.78,0.568,18,62
SKU00196,STY0183,Graphic Tees,Red,XL,22.25,8.19,0.632,30,83
SKU00197,STY0153,Accessories,White,L,26.78,11.15,0.584,44,74
SKU00198,STY0059,Loungewear,Gray,XL,55.86,24.99,0.553,48,87
SKU00199,STY0078,Loungewear,Black,M,59.75,25.86,0.567,28,81
SKU00200,STY0124,Accessories,Red,XL,29.72,10.13,0.659,48,74
SKU00201,STY0114,Activewear,Red,XS,43.25,21.42,0.505,11,45
SKU00202,STY0022,Men's Denim,Navy,XL,63.72,33.26,0.478,55,100
SKU00203,STY0158,Women's Denim,Pink,L,46.37,19.07,0.589,4,32
SKU00204,STY0172,Loungewear,Navy,XL,53.13,24.08,0.547,17,73
SKU00205,STY0032,Outerwear,Pink,M,127.16,66.4,0.478,34,58
SKU00206,STY0179,Men's Denim,Pink,L,72.67,32.42,0.554,65,95
SKU00207,STY0174,Men's Denim,Gray,L,63.7,32.37,0.492,24,66
SKU00208,STY0113,Activewear,Navy,L,59.31,28.8,0.514,37,68
SKU00209,STY0120,Men's Denim,White,XS,50.22,23.39,0.534,42,92
SKU00210,STY0149,Women's Denim,Blue,XS,64.09,26.57,0.585,55,79
SKU00211,STY0122,Outerwear,Blue,S,110.97,53.21,0.521,27,86
SKU00212,STY0032,Activewear,Navy,S,26.26,11.77,0.552,45,80
SKU00213,STY0119,Activewear,Navy,XL,30.28,12.99,0.571,34,83
SKU00214,STY0039,Women's Denim,Gray,S,69.75,28.91,0.586,7,58
SKU00215,STY0012,Activewear,Navy,XXL,41.68,18.31,0.561,35,87
SKU00216,STY0175,Women's Denim,Pink,M,41.68,18.94,0.546,14,62
SKU00217,STY0018,Aerie Intimates,Red,S,27.39,12.85,0.531,20,71
SKU00218,STY0149,Accessories,Red,XL,27.17,10.1,0.628,1,24
SKU00219,STY0141,Activewear,Pink,L,33.57,16.51,0.508,10,55
SKU00220,STY0149,Loungewear,Green,M,53.54,24.37,0.545,65,92
SKU00221,STY0126,Activewear,Pink,L,32.83,15.98,0.513,4,55
SKU00222,STY0136,Outerwear,White,L,100.66,51.71,0.486,35,78
SKU00223,STY0046,Men's Denim,Tan,S,59.74,30.7,0.486,47,76
SKU00224,STY0104,Graphic Tees,Black,XXL,28.31,12.3,0.566,21,48
SKU00225,STY0135,Aerie Intimates,Pink,XXL,30.21,13.66,0.548,15,57
SKU00226,STY0151,Aerie Intimates,Navy,L,25.84,10.09,0.61,41,71
SKU00227,STY0086,Seasonal Capsule,Navy,S,50.65,25.8,0.491,68,88
SKU00228,STY0150,Graphic Tees,Gray,L,17.97,7.87,0.562,67,90
SKU00229,STY0089,Loungewear,Pink,XS,23.75,10.99,0.537,34,92
SKU00230,STY0022,Activewear,Gray,XS,59.78,26.02,0.565,67,93
SKU00231,STY0092,Accessories,Pink,S,25.42,9.57,0.624,45,90
SKU00232,STY0029,Tops & Blouses,Black,M,21.08,8.49,0.597,57,85
SKU00233,STY0013,Outerwear,Tan,XL,128.07,63.09,0.507,21,81
SKU00234,STY0002,Tops & Blouses,Red,L,29.07,12.01,0.587,47,91
SKU00235,STY0029,Women's Denim,Blue,L,45.68,20.15,0.559,41,99
SKU00236,STY0180,Accessories,Pink,M,35.4,13.18,0.628,37,89
SKU00237,STY0027,Aerie Intimates,Tan,M,29.2,13.19,0.548,57,93
SKU00238,STY0050,Men's Denim,Red,M,61.08,31.77,0.48,39,97
SKU00239,STY0095,Activewear,Green,XXL,34.87,16.61,0.524,8,51
SKU00240,STY0151,Women's Denim,Black,XS,59.78,24.98,0.582,42,95
SKU00241,STY0088,Seasonal Capsule,Gray,XL,79.6,37.15,0.533,81,98
SKU00242,STY0044,Seasonal Capsule,Gray,L,96.61,43.88,0.546,17,34
SKU00243,STY0022,Seasonal Capsule,Navy,M,72.06,34.56,0.52,21,38
SKU00244,STY0171,Graphic Tees,Red,L,22.47,9.62,0.572,51,98
SKU00245,STY0165,Men's Denim,Green,M,61.03,31.94,0.477,2,48
SKU00246,STY0189,Seasonal Capsule,Tan,XL,78.75,41.06,0.479,70,89
SKU00247,STY0097,Graphic Tees,Black,XL,28.61,12.0,0.581,34,73
SKU00248,STY0184,Seasonal Capsule,Red,M,86.44,40.59,0.53,6,20
SKU00249,STY0003,Seasonal Capsule,Green,S,76.51,35.63,0.534,63,72
SKU00250,STY0191,Loungewear,Blue,L,50.54,22.6,0.553,67,90
SKU00251,STY0118,Aerie Intimates,Pink,XL,24.6,10.35,0.579,4,58
SKU00252,STY0019,Graphic Tees,Gray,S,19.48,6.87,0.647,40,97
SKU00253,STY0023,Loungewear,Tan,L,51.85,22.9,0.558,4,60
SKU00254,STY0157,Aerie Intimates,Gray,L,26.13,10.98,0.58,49,77
SKU00255,STY0030,Women's Denim,Tan,L,56.17,25.44,0.547,27,54
SKU00256,STY0039,Outerwear,Navy,S,93.71,45.15,0.518,19,76
SKU00257,STY0108,Seasonal Capsule,Tan,L,57.71,26.73,0.537,20,38
SKU00258,STY0111,Activewear,Gray,XL,55.42,25.63,0.538,22,46
SKU00259,STY0025,Outerwear,Tan,S,107.04,58.84,0.45,56,85
SKU00260,STY0128,Men's Denim,Blue,S,78.01,40.18,0.485,51,92
SKU00261,STY0111,Outerwear,Navy,XXL,60.8,32.67,0.463,12,67
SKU00262,STY0136,Seasonal Capsule,Tan,S,50.08,24.07,0.519,12,31
SKU00263,STY0106,Women's Denim,Red,XL,58.59,25.98,0.557,14,64
SKU00264,STY0186,Tops & Blouses,White,M,38.12,15.81,0.585,48,103
SKU00265,STY0144,Loungewear,Green,S,33.29,14.91,0.552,47,71
SKU00266,STY0072,Accessories,White,XL,21.39,9.16,0.572,54,96
SKU00267,STY0129,Activewear,White,M,57.96,23.86,0.588,19,64
SKU00268,STY0108,Activewear,Black,M,60.29,27.74,0.54,29,71
SKU00269,STY0005,Graphic Tees,Blue,M,18.48,8.21,0.556,62,92
SKU00270,STY0003,Aerie Intimates,Red,L,25.32,9.82,0.612,58,86
SKU00271,STY0193,Loungewear,Pink,S,24.48,10.29,0.58,41,68
SKU00272,STY0132,Loungewear,Tan,M,28.13,12.15,0.568,3,32
SKU00273,STY0104,Loungewear,Green,XXL,28.16,12.06,0.572,2,40
SKU00274,STY0064,Seasonal Capsule,Navy,S,50.07,25.82,0.484,26,40
SKU00275,STY0106,Tops & Blouses,Red,L,38.06,15.14,0.602,47,98
SKU00276,STY0098,Tops & Blouses,Gray,M,48.49,20.35,0.58,44,86
SKU00277,STY0010,Accessories,Pink,XL,23.69,8.04,0.661,30,54
SKU00278,STY0149,Activewear,Black,S,53.82,25.32,0.53,27,55
SKU00279,STY0128,Activewear,Black,XXL,55.37,26.06,0.529,59,87
SKU00280,STY0046,Accessories,Red,M,18.08,7.05,0.61,4,55
SKU00281,STY0155,Loungewear,White,S,57.82,22.58,0.609,53,85
SKU00282,STY0066,Aerie Intimates,Gray,XS,33.84,15.01,0.556,59,102
SKU00283,STY0169,Graphic Tees,Black,S,26.08,10.76,0.587,25,77
SKU00284,STY0112,Men's Denim,Green,M,51.46,25.36,0.507,7,33
SKU00285,STY0013,Outerwear,Black,M,77.67,40.0,0.485,10,33
SKU00286,STY0137,Men's Denim,Navy,XL,61.92,31.83,0.486,32,86
SKU00287,STY0164,Tops & Blouses,Tan,M,26.39,12.05,0.543,27,59
SKU00288,STY0086,Outerwear,Black,S,90.3,43.28,0.521,25,68
SKU00289,STY0090,Aerie Intimates,Navy,L,23.63,9.35,0.604,9,60
SKU00290,STY0058,Outerwear,Red,L,90.64,51.63,0.43,17,67
SKU00291,STY0054,Men's Denim,Red,S,66.36,32.99,0.503,45,87
SKU00292,STY0012,Men's Denim,Pink,S,52.69,23.71,0.55,47,92
SKU00293,STY0014,Loungewear,Black,XS,49.5,18.88,0.619,46,101
SKU00294,STY0121,Graphic Tees,Green,L,17.55,6.58,0.625,61,94
SKU00295,STY0162,Women's Denim,Black,L,52.69,22.74,0.568,11,66
SKU00296,STY0181,Tops & Blouses,Green,M,37.79,16.14,0.573,38,70
SKU00297,STY0121,Accessories,Blue,XL,21.45,8.14,0.621,46,81
SKU00298,STY0020,Women's Denim,Pink,XL,51.87,23.93,0.539,46,95
SKU00299,STY0075,Activewear,Blue,L,38.07,18.16,0.523,9,48
SKU00300,STY0144,Men's Denim,Black,XL,56.14,28.63,0.49,33,83
SKU00301,STY0070,Men's Denim,Pink,S,76.81,38.15,0.503,2,45
SKU00302,STY0056,Tops & Blouses,Blue,S,38.86,16.12,0.585,40,100
SKU00303,STY0101,Outerwear,White,S,90.93,48.64,0.465,15,74
SKU00304,STY0186,Activewear,Black,XS,27.83,13.43,0.517,11,55
SKU00305,STY0132,Accessories,Blue,L,27.92,9.78,0.65,7,51
SKU00306,STY0111,Seasonal Capsule,White,XXL,33.88,16.91,0.501,79,91
SKU00307,STY0125,Tops & Blouses,White,XS,28.38,13.09,0.539,1,61
SKU00308,STY0132,Aerie Intimates,Red,S,33.43,12.74,0.619,5,56
SKU00309,STY0020,Accessories,Black,M,33.55,14.23,0.576,67,96
SKU00310,STY0138,Aerie Intimates,White,XXL,31.23,13.69,0.562,4,61
SKU00311,STY0024,Graphic Tees,Red,M,17.87,6.81,0.619,42,91
SKU00312,STY0154,Men's Denim,Blue,M,66.02,30.74,0.534,25,71
SKU00313,STY0037,Men's Denim,Navy,XS,74.79,33.78,0.548,5,59
SKU00314,STY0054,Seasonal Capsule,Black,S,52.82,25.64,0.515,58,76
SKU00315,STY0103,Loungewear,Pink,XXL,57.59,26.93,0.532,9,52
SKU00316,STY0149,Activewear,Green,XXL,28.44,13.73,0.517,41,85
SKU00317,STY0038,Graphic Tees,Green,XS,27.55,11.51,0.582,12,51
SKU00318,STY0174,Women's Denim,Blue,XXL,65.71,31.86,0.515,9,53
SKU00319,STY0004,Women's Denim,Blue,L,44.76,21.37,0.523,32,67
SKU00320,STY0188,Aerie Intimates,White,XL,28.83,11.33,0.607,45,90
SKU00321,STY0057,Outerwear,Black,M,71.52,33.63,0.53,6,30
SKU00322,STY0173,Activewear,Green,M,60.47,25.98,0.57,30,85
SKU00323,STY0020,Activewear,Green,M,25.81,10.75,0.583,10,46
SKU00324,STY0017,Aerie Intimates,White,L,27.64,11.84,0.572,9,65
SKU00325,STY0119,Seasonal Capsule,Green,S,44.78,21.54,0.519,47,62
SKU00326,STY0071,Accessories,Pink,XS,21.68,7.66,0.647,28,65
SKU00327,STY0004,Outerwear,Black,M,99.98,56.85,0.431,47,78
SKU00328,STY0014,Outerwear,Tan,L,112.72,62.8,0.443,74,99
SKU00329,STY0003,Graphic Tees,Green,S,19.95,8.49,0.574,50,101
SKU00330,STY0080,Aerie Intimates,Blue,L,21.5,9.13,0.575,34,57
SKU00331,STY0186,Graphic Tees,Pink,XXL,13.33,5.93,0.555,39,90
SKU00332,STY0055,Accessories,Green,XS,14.24,5.68,0.601,13,42
SKU00333,STY0132,Men's Denim,Pink,L,61.71,32.06,0.48,58,87
SKU00334,STY0120,Men's Denim,Red,M,65.18,30.76,0.528,43,82
SKU00335,STY0024,Men's Denim,Tan,XL,52.02,24.84,0.522,29,66
SKU00336,STY0162,Men's Denim,Gray,S,68.8,34.32,0.501,25,63
SKU00337,STY0158,Loungewear,Blue,L,49.2,22.13,0.55,80,103
SKU00338,STY0082,Activewear,Blue,XL,34.1,14.07,0.587,29,58
SKU00339,STY0147,Tops & Blouses,Black,XXL,25.45,12.1,0.525,3,40
SKU00340,STY0159,Men's Denim,Pink,L,50.35,23.71,0.529,51,91
SKU00341,STY0188,Tops & Blouses,White,M,28.38,11.66,0.589,22,52
SKU00342,STY0060,Tops & Blouses,Blue,L,34.33,14.01,0.592,15,73
SKU00343,STY0147,Women's Denim,Pink,XL,41.95,19.92,0.525,2,42
SKU00344,STY0049,Graphic Tees,Pink,L,21.68,9.73,0.551,29,71
SKU00345,STY0063,Graphic Tees,Navy,XS,22.45,8.58,0.618,3,44
SKU00346,STY0110,Outerwear,Navy,XXL,84.49,42.86,0.493,60,86
SKU00347,STY0150,Activewear,Gray,L,57.47,26.76,0.534,27,81
SKU00348,STY0152,Men's Denim,Red,L,61.33,31.47,0.487,31,62
SKU00349,STY0109,Graphic Tees,Gray,S,26.63,11.38,0.573,48,85
SKU00350,STY0076,Activewear,Green,L,27.94,13.32,0.523,39,98
SKU00351,STY0030,Tops & Blouses,White,M,40.27,18.76,0.534,37,94
SKU00352,STY0058,Loungewear,Green,L,28.24,12.75,0.549,9,38
SKU00353,STY0117,Activewear,Green,S,40.56,17.81,0.561,16,55
SKU00354,STY0159,Women's Denim,Black,L,62.71,29.46,0.53,36,84
SKU00355,STY0100,Men's Denim,Green,XXL,75.53,36.57,0.516,42,76
SKU00356,STY0192,Activewear,Gray,XS,43.62,20.56,0.529,8,46
SKU00357,STY0019,Men's Denim,Blue,XXL,67.61,30.33,0.551,76,100
SKU00358,STY0176,Outerwear,Blue,M,110.65,60.26,0.455,2,40
SKU00359,STY0173,Seasonal Capsule,Navy,XL,39.31,19.43,0.506,18,33
SKU00360,STY0094,Outerwear,White,XL,127.04,65.19,0.487,3,63
SKU00361,STY0183,Graphic Tees,White,L,28.91,11.96,0.586,45,68
SKU00362,STY0113,Activewear,Black,L,62.12,27.72,0.554,27,62
SKU00363,STY0183,Tops & Blouses,Gray,XL,37.81,15.75,0.583,4,41
SKU00364,STY0146,Outerwear,Navy,M,92.26,52.43,0.432,20,66
SKU00365,STY0063,Seasonal Capsule,White,M,84.11,44.14,0.475,28,37
SKU00366,STY0116,Graphic Tees,Blue,L,16.64,6.6,0.603,6,50
SKU00367,STY0113,Seasonal Capsule,Green,XL,59.02,31.8,0.461,60,73
SKU00368,STY0047,Seasonal Capsule,Green,XL,32.68,16.89,0.483,89,103
SKU00369,STY0057,Women's Denim,Navy,XL,66.89,33.37,0.501,7,58
SKU00370,STY0118,Men's Denim,Gray,M,79.83,40.92,0.487,8,32
SKU00371,STY0045,Men's Denim,Gray,XL,57.42,28.0,0.512,27,87
SKU00372,STY0161,Men's Denim,Red,S,79.92,36.98,0.537,27,80
SKU00373,STY0145,Men's Denim,Tan,L,74.15,38.25,0.484,35,84
SKU00374,STY0198,Activewear,White,XS,50.65,21.8,0.57,35,70
SKU00375,STY0004,Men's Denim,Gray,M,50.62,23.59,0.534,30,63
SKU00376,STY0148,Aerie Intimates,Blue,M,21.21,9.24,0.564,22,79
SKU00377,STY0047,Loungewear,Navy,M,20.53,9.37,0.544,36,90
SKU00378,STY0143,Men's Denim,Red,L,51.12,26.26,0.486,3,60
SKU00379,STY0198,Loungewear,Pink,M,44.93,20.96,0.533,25,57
SKU00380,STY0047,Aerie Intimates,Black,M,16.34,7.09,0.566,43,84
SKU00381,STY0078,Men's Denim,Pink,S,70.23,31.17,0.556,20,67
SKU00382,STY0124,Activewear,Green,M,50.58,24.62,0.513,55,88
SKU00383,STY0075,Activewear,Black,S,52.78,24.45,0.537,51,78
SKU00384,STY0103,Loungewear,White,XS,37.67,16.18,0.57,38,80
SKU00385,STY0137,Accessories,Blue,L,27.74,9.3,0.665,61,94
SKU00386,STY0090,Loungewear,Black,L,46.94,21.02,0.552,56,96
SKU00387,STY0144,Aerie Intimates,Tan,L,33.78,13.06,0.613,41,68
SKU00388,STY0069,Women's Denim,Pink,M,59.28,30.08,0.493,22,54
SKU00389,STY0061,Accessories,White,M,14.64,5.76,0.607,65,91
SKU00390,STY0138,Loungewear,Tan,XL,27.12,12.22,0.549,50,94
SKU00391,STY0050,Seasonal Capsule,Green,M,76.69,40.93,0.466,20,30
SKU00392,STY0003,Graphic Tees,Tan,M,24.6,8.67,0.648,12,49
SKU00393,STY0107,Graphic Tees,Red,XS,20.68,8.66,0.581,3,63
SKU00394,STY0113,Accessories,Red,M,29.12,12.39,0.575,66,101
SKU00395,STY0094,Graphic Tees,Navy,M,22.68,8.57,0.622,26,84
SKU00396,STY0118,Seasonal Capsule,White,M,81.79,37.58,0.541,22,41
SKU00397,STY0198,Loungewear,Green,L,48.06,18.58,0.613,30,78
SKU00398,STY0081,Graphic Tees,Gray,L,28.52,11.74,0.588,46,84
SKU00399,STY0109,Accessories,Red,L,29.72,10.44,0.649,53,102
SKU00400,STY0051,Accessories,White,XL,33.95,14.21,0.581,35,66
SKU00401,STY0147,Men's Denim,Gray,XL,55.97,25.28,0.548,47,86
SKU00402,STY0170,Seasonal Capsule,Navy,L,72.16,36.94,0.488,20,33
SKU00403,STY0035,Tops & Blouses,Tan,XXL,30.38,13.17,0.566,49,83
SKU00404,STY0046,Loungewear,Red,XS,46.72,21.92,0.531,19,70
SKU00405,STY0154,Aerie Intimates,White,S,25.99,11.67,0.551,58,87
SKU00406,STY0069,Loungewear,Black,XS,29.12,12.43,0.573,24,84
SKU00407,STY0093,Graphic Tees,Gray,L,14.67,5.38,0.633,20,79
SKU00408,STY0064,Men's Denim,Tan,XL,79.14,40.04,0.494,40,70
SKU00409,STY0165,Seasonal Capsule,Red,S,30.56,14.23,0.534,64,83
SKU00410,STY0049,Men's Denim,Green,XXL,58.93,26.71,0.547,39,71
SKU00411,STY0149,Aerie Intimates,Gray,XS,22.26,9.02,0.595,36,71
SKU00412,STY0074,Seasonal Capsule,Red,XXL,44.69,23.73,0.469,64,74
SKU00413,STY0192,Seasonal Capsule,Gray,M,35.3,19.37,0.451,87,103
SKU00414,STY0005,Outerwear,Tan,S,66.85,36.96,0.447,46,79
SKU00415,STY0100,Activewear,Red,M,61.12,25.29,0.586,10,70
SKU00416,STY0070,Tops & Blouses,Pink,S,35.12,14.2,0.596,44,101
SKU00417,STY0090,Aerie Intimates,White,M,20.42,8.55,0.581,1,40
SKU00418,STY0004,Aerie Intimates,Tan,M,24.14,9.67,0.599,9,65
SKU00419,STY0126,Activewear,Gray,XL,33.53,14.58,0.565,51,91
SKU00420,STY0039,Accessories,Green,L,39.7,15.74,0.604,63,100
SKU00421,STY0163,Accessories,Black,M,13.74,5.31,0.614,9,63
SKU00422,STY0129,Accessories,Gray,L,38.16,12.65,0.669,18,61
SKU00423,STY0024,Men's Denim,White,L,64.08,31.76,0.504,44,78
SKU00424,STY0057,Tops & Blouses,Red,S,40.56,18.49,0.544,18,75
SKU00425,STY0100,Men's Denim,Black,M,53.65,26.82,0.5,32,79
SKU00426,STY0070,Outerwear,Blue,S,68.77,33.67,0.51,49,88
SKU00427,STY0041,Tops & Blouses,Gray,S,25.21,11.26,0.553,14,62
SKU00428,STY0182,Loungewear,Navy,L,45.74,18.43,0.597,25,55
SKU00429,STY0174,Graphic Tees,Blue,S,25.56,9.66,0.622,28,88
SKU00430,STY0060,Men's Denim,Gray,L,54.91,28.3,0.485,22,47
SKU00431,STY0108,Women's Denim,Pink,L,58.07,27.16,0.532,62,92
SKU00432,STY0188,Accessories,Navy,S,14.24,5.23,0.633,10,67
SKU00433,STY0057,Outerwear,Black,L,85.67,41.01,0.521,29,82
SKU00434,STY0031,Men's Denim,Green,S,73.83,33.04,0.552,41,88
SKU00435,STY0084,Men's Denim,Pink,XXL,57.53,27.73,0.518,39,81
SKU00436,STY0152,Activewear,Blue,M,51.45,24.45,0.525,52,94
SKU00437,STY0036,Men's Denim,Red,XL,72.46,32.26,0.555,1,56
SKU00438,STY0158,Loungewear,White,L,34.0,13.24,0.611,23,53
SKU00439,STY0152,Activewear,Green,XS,38.07,16.02,0.579,47,95
SKU00440,STY0108,Men's Denim,Pink,L,77.2,36.81,0.523,25,75
SKU00441,STY0106,Men's Denim,Red,XXL,71.02,34.91,0.508,63,103
SKU00442,STY0158,Seasonal Capsule,Red,L,71.73,39.45,0.45,93,103
SKU00443,STY0086,Graphic Tees,Gray,XL,24.99,9.94,0.602,30,73
SKU00444,STY0135,Graphic Tees,Pink,XL,16.43,6.31,0.616,52,93
SKU00445,STY0163,Loungewear,Black,S,46.75,19.95,0.573,23,76
SKU00446,STY0183,Seasonal Capsule,Navy,S,73.79,35.26,0.522,52,69
SKU00447,STY0014,Seasonal Capsule,Navy,L,94.94,52.18,0.45,75,95
SKU00448,STY0120,Accessories,Blue,M,23.42,8.28,0.646,12,49
SKU00449,STY0138,Graphic Tees,Blue,XL,25.27,9.13,0.639,72,102
SKU00450,STY0080,Men's Denim,Navy,XL,77.62,38.78,0.5,43,76
SKU00451,STY0144,Accessories,Black,M,29.5,10.36,0.649,21,72
SKU00452,STY0182,Outerwear,White,S,99.55,56.04,0.437,50,78
SKU00453,STY0106,Graphic Tees,Tan,XL,18.36,7.8,0.575,49,79
SKU00454,STY0070,Seasonal Capsule,White,S,46.36,22.46,0.516,21,30
SKU00455,STY0044,Men's Denim,Gray,XL,78.79,39.14,0.503,39,80
SKU00456,STY0073,Tops & Blouses,Tan,M,27.91,12.59,0.549,56,97
SKU00457,STY0045,Men's Denim,Tan,L,59.48,30.62,0.485,4,63
SKU00458,STY0184,Tops & Blouses,Pink,XS,30.46,14.66,0.519,13,71
SKU00459,STY0107,Men's Denim,Black,L,50.26,25.21,0.498,19,77
SKU00460,STY0084,Men's Denim,Black,M,59.31,27.52,0.536,1,51
SKU00461,STY0082,Men's Denim,Tan,L,52.62,27.84,0.471,12,67
SKU00462,STY0107,Activewear,Pink,S,33.31,14.56,0.563,38,64
SKU00463,STY0185,Accessories,Tan,L,11.8,4.0,0.661,56,94
SKU00464,STY0021,Outerwear,Green,XL,101.61,49.29,0.515,25,61
SKU00465,STY0196,Seasonal Capsule,Blue,S,93.88,44.02,0.531,73,89
SKU00466,STY0178,Graphic Tees,Blue,XS,25.72,10.94,0.575,67,99
SKU00467,STY0161,Aerie Intimates,White,XS,20.84,7.95,0.619,16,65
SKU00468,STY0007,Loungewear,Gray,L,51.32,21.87,0.574,47,95
SKU00469,STY0070,Women's Denim,Blue,L,52.02,25.93,0.502,12,54
SKU00470,STY0127,Seasonal Capsule,Red,L,93.59,45.05,0.519,1,16
SKU00471,STY0143,Men's Denim,White,S,63.15,31.76,0.497,21,46
SKU00472,STY0160,Seasonal Capsule,Blue,M,60.05,32.01,0.467,85,99
SKU00473,STY0148,Men's Denim,Gray,L,72.0,34.79,0.517,15,75
SKU00474,STY0143,Loungewear,Black,M,57.95,22.82,0.606,46,83
SKU00475,STY0176,Tops & Blouses,Black,XXL,38.92,17.45,0.552,70,97
SKU00476,STY0199,Seasonal Capsule,Tan,S,93.12,45.11,0.516,68,83
SKU00477,STY0149,Men's Denim,Green,L,67.39,29.69,0.559,22,79
SKU00478,STY0170,Outerwear,Black,M,96.57,52.14,0.46,52,84
SKU00479,STY0154,Seasonal Capsule,Pink,M,30.71,16.36,0.467,53,66
SKU00480,STY0120,Tops & Blouses,Blue,L,33.87,13.61,0.598,29,89
SKU00481,STY0128,Activewear,Pink,L,35.13,17.2,0.51,65,89
SKU00482,STY0142,Activewear,Gray,XXL,56.44,26.06,0.538,39,72
SKU00483,STY0057,Tops & Blouses,Black,S,25.13,11.23,0.553,30,80
SKU00484,STY0165,Activewear,Green,S,36.64,18.21,0.503,56,99
SKU00485,STY0058,Outerwear,Gray,L,84.28,40.04,0.525,12,59
SKU00486,STY0021,Seasonal Capsule,Red,L,66.6,31.42,0.528,1,14
SKU00487,STY0082,Men's Denim,Red,S,57.54,28.07,0.512,15,58
SKU00488,STY0069,Aerie Intimates,Pink,XS,31.36,13.1,0.582,8,46
SKU00489,STY0131,Seasonal Capsule,Tan,XS,41.03,18.68,0.545,13,27
SKU00490,STY0087,Loungewear,White,XL,23.34,9.96,0.573,45,81
SKU00491,STY0165,Tops & Blouses,Tan,S,45.18,18.62,0.588,61,91
SKU00492,STY0049,Activewear,Tan,M,50.89,24.23,0.524,31,66
SKU00493,STY0147,Aerie Intimates,Green,S,21.02,9.74,0.537,69,97
SKU00494,STY0115,Women's Denim,Black,M,67.96,32.51,0.522,34,81
SKU00495,STY0089,Tops & Blouses,Green,XS,20.93,9.16,0.562,6,48
SKU00496,STY0085,Graphic Tees,Gray,M,15.69,6.52,0.584,4,44
SKU00497,STY0128,Outerwear,Red,XS,99.3,53.77,0.459,7,42
SKU00498,STY0140,Men's Denim,Green,XL,62.48,27.59,0.558,43,84
SKU00499,STY0189,Seasonal Capsule,Gray,S,33.03,17.15,0.481,19,30
SKU00500,STY0169,Seasonal Capsule,Green,L,46.15,23.91,0.482,48,66
SKU00501,STY0161,Activewear,Tan,XL,27.06,11.69,0.568,7,46
SKU00502,STY0178,Tops & Blouses,Blue,L,27.61,11.06,0.599,36,90
SKU00503,STY0117,Aerie Intimates,Pink,L,23.21,10.16,0.562,37,73
SKU00504,STY0196,Loungewear,White,M,22.75,9.54,0.581,40,66
SKU00505,STY0127,Activewear,Green,M,32.01,15.45,0.517,45,71
SKU00506,STY0071,Women's Denim,White,L,46.55,21.5,0.538,31,55
SKU00507,STY0086,Seasonal Capsule,Navy,XXL,36.65,17.66,0.518,31,50
SKU00508,STY0033,Loungewear,Green,L,58.27,23.43,0.598,71,101
SKU00509,STY0081,Seasonal Capsule,Blue,L,95.35,51.65,0.458,57,75
SKU00510,STY0152,Accessories,White,L,18.52,6.28,0.661,18,78
SKU00511,STY0061,Outerwear,Green,M,62.96,34.51,0.452,43,99
SKU00512,STY0061,Graphic Tees,Black,XS,28.14,11.7,0.584,6,58
SKU00513,STY0098,Seasonal Capsule,Pink,L,95.97,45.46,0.526,4,24
SKU00514,STY0028,Loungewear,Blue,XXL,50.68,21.79,0.57,15,55
SKU00515,STY0186,Men's Denim,White,S,64.47,31.04,0.519,10,69
SKU00516,STY0043,Men's Denim,Blue,L,67.14,31.05,0.538,11,36
SKU00517,STY0169,Graphic Tees,Gray,S,25.07,10.52,0.58,41,67
SKU00518,STY0167,Loungewear,Pink,L,28.39,13.22,0.534,35,63
SKU00519,STY0086,Seasonal Capsule,Green,XS,96.22,47.15,0.51,11,26
SKU00520,STY0177,Women's Denim,Green,M,53.58,26.15,0.512,60,91
SKU00521,STY0017,Outerwear,Green,L,73.33,37.84,0.484,49,89
SKU00522,STY0098,Graphic Tees,Pink,M,18.13,6.7,0.63,47,79
SKU00523,STY0198,Seasonal Capsule,Black,L,59.34,29.65,0.5,30,45
SKU00524,STY0198,Loungewear,Navy,XL,51.0,20.05,0.607,10,57
SKU00525,STY0098,Loungewear,Red,XXL,55.87,21.7,0.612,41,93
SKU00526,STY0065,Tops & Blouses,Tan,S,21.52,8.74,0.594,10,66
SKU00527,STY0074,Graphic Tees,White,M,16.92,5.96,0.648,22,65
SKU00528,STY0085,Aerie Intimates,Black,S,34.44,13.21,0.616,76,100
SKU00529,STY0005,Men's Denim,White,XXL,51.03,26.67,0.477,16,49
SKU00530,STY0002,Loungewear,Green,XXL,42.91,17.99,0.581,16,64
SKU00531,STY0022,Loungewear,Blue,L,20.4,9.36,0.541,60,94
SKU00532,STY0112,Seasonal Capsule,White,XL,57.79,31.63,0.453,90,100
SKU00533,STY0057,Seasonal Capsule,Green,L,49.22,25.64,0.479,7,23
SKU00534,STY0066,Outerwear,White,L,69.19,36.07,0.479,13,47
SKU00535,STY0074,Accessories,Blue,XS,34.92,14.34,0.589,56,95
SKU00536,STY0098,Seasonal Capsule,Green,L,48.11,22.07,0.541,80,98
SKU00537,STY0144,Loungewear,Navy,S,27.68,10.66,0.615,30,64
SKU00538,STY0112,Aerie Intimates,Black,XL,20.54,8.28,0.597,52,81
SKU00539,STY0179,Tops & Blouses,Gray,XL,34.73,15.08,0.566,15,40
SKU00540,STY0125,Women's Denim,Tan,L,51.79,23.98,0.537,13,54
SKU00541,STY0167,Seasonal Capsule,Pink,XS,69.99,37.13,0.469,55,74
SKU00542,STY0086,Outerwear,Tan,M,70.72,34.29,0.515,63,91
SKU00543,STY0076,Women's Denim,Tan,S,50.78,22.89,0.549,18,56
SKU00544,STY0088,Activewear,Green,M,27.5,11.1,0.596,23,64
SKU00545,STY0168,Outerwear,Navy,XS,116.15,57.45,0.505,36,87
SKU00546,STY0038,Graphic Tees,Gray,XXL,28.01,12.31,0.561,9,67
SKU00547,STY0188,Men's Denim,Black,L,56.85,26.78,0.529,57,85
SKU00548,STY0059,Activewear,Black,M,31.3,14.23,0.545,5,45
SKU00549,STY0138,Tops & Blouses,Blue,M,24.64,11.43,0.536,22,81
SKU00550,STY0099,Accessories,Pink,M,30.09,10.74,0.643,13,69
SKU00551,STY0192,Tops & Blouses,White,L,49.73,20.17,0.594,68,97
SKU00552,STY0063,Loungewear,Navy,M,59.04,27.12,0.541,21,78
SKU00553,STY0049,Outerwear,White,XL,120.58,60.16,0.501,2,56
SKU00554,STY0192,Outerwear,Gray,M,90.36,46.5,0.485,60,84
SKU00555,STY0032,Loungewear,Tan,XXL,46.56,20.02,0.57,46,84
SKU00556,STY0135,Graphic Tees,Black,XL,13.35,5.25,0.607,1,47
SKU00557,STY0021,Women's Denim,Gray,S,43.83,18.41,0.58,26,55
SKU00558,STY0020,Men's Denim,Tan,XXL,65.66,29.9,0.545,33,72
SKU00559,STY0154,Accessories,Black,S,24.72,8.64,0.65,53,103
SKU00560,STY0127,Activewear,Tan,XL,59.39,25.26,0.575,4,50
SKU00561,STY0068,Activewear,Pink,M,29.58,12.2,0.588,67,100
SKU00562,STY0110,Women's Denim,Navy,XL,49.68,23.73,0.522,49,73
SKU00563,STY0116,Women's Denim,Gray,XL,60.43,28.25,0.533,20,72
SKU00564,STY0143,Men's Denim,Gray,XL,58.23,29.51,0.493,60,92
SKU00565,STY0120,Graphic Tees,Red,XL,28.98,11.08,0.618,16,75
SKU00566,STY0079,Outerwear,Green,M,74.81,36.07,0.518,41,90
SKU00567,STY0116,Graphic Tees,Pink,XS,29.9,11.01,0.632,2,49
SKU00568,STY0092,Graphic Tees,Pink,M,19.94,7.23,0.637,9,57
SKU00569,STY0014,Seasonal Capsule,White,S,73.54,39.03,0.469,39,51
SKU00570,STY0155,Graphic Tees,Tan,L,23.68,9.3,0.607,24,82
SKU00571,STY0125,Tops & Blouses,Green,M,34.73,15.74,0.547,66,102
SKU00572,STY0168,Accessories,Navy,XXL,11.46,4.8,0.581,20,70
SKU00573,STY0058,Graphic Tees,Navy,L,22.54,9.02,0.6,18,50
SKU00574,STY0028,Activewear,Pink,XL,30.69,14.73,0.52,22,56
SKU00575,STY0026,Loungewear,Navy,S,25.68,11.59,0.549,22,80
SKU00576,STY0113,Seasonal Capsule,Red,XL,66.73,34.69,0.48,56,68
SKU00577,STY0191,Women's Denim,Gray,XXL,63.72,30.43,0.522,20,78
SKU00578,STY0066,Seasonal Capsule,Blue,M,96.16,46.12,0.52,16,35
SKU00579,STY0153,Tops & Blouses,White,L,26.49,12.08,0.544,12,48
SKU00580,STY0131,Aerie Intimates,Tan,XL,21.42,9.35,0.563,61,97
SKU00581,STY0200,Tops & Blouses,Tan,S,30.23,12.2,0.596,41,80
SKU00582,STY0044,Seasonal Capsule,Black,M,62.2,31.09,0.5,27,40
SKU00583,STY0097,Tops & Blouses,Blue,M,32.01,14.82,0.537,43,79
SKU00584,STY0042,Aerie Intimates,Pink,S,14.95,6.6,0.559,28,67
SKU00585,STY0006,Activewear,Red,M,36.4,14.61,0.599,32,77
SKU00586,STY0167,Aerie Intimates,Gray,XS,31.97,14.89,0.534,5,62
SKU00587,STY0180,Men's Denim,Gray,XS,65.38,28.67,0.561,31,78
SKU00588,STY0023,Women's Denim,Red,S,51.35,24.17,0.529,25,74
SKU00589,STY0089,Women's Denim,Green,XXL,51.65,23.66,0.542,32,77
SKU00590,STY0123,Women's Denim,Black,L,45.26,23.03,0.491,11,57
SKU00591,STY0178,Women's Denim,Tan,XXL,55.91,27.81,0.503,20,77
SKU00592,STY0171,Activewear,Blue,M,51.17,24.63,0.519,66,89
SKU00593,STY0147,Women's Denim,Navy,M,60.13,28.76,0.522,48,99
SKU00594,STY0197,Graphic Tees,Black,M,15.21,6.29,0.586,5,62
SKU00595,STY0051,Loungewear,Blue,M,43.09,19.36,0.551,9,51
SKU00596,STY0011,Tops & Blouses,White,S,44.07,19.06,0.568,38,79
SKU00597,STY0012,Activewear,White,L,29.11,13.92,0.522,60,95
SKU00598,STY0074,Women's Denim,Black,S,62.97,27.75,0.559,43,87
SKU00599,STY0008,Women's Denim,Pink,L,45.84,19.37,0.577,48,96
SKU00600,STY0152,Men's Denim,Blue,L,58.42,26.86,0.54,28,63
